{
    "raports": [
        [
            "              precision    recall  f1-score   support\n\n       covid       1.00      0.99      0.99       366\n   not covid       0.99      1.00      1.00       409\n\n    accuracy                           0.99       775\n   macro avg       0.99      0.99      0.99       775\nweighted avg       0.99      0.99      0.99       775\n",
            "1",
            "Train"
        ],
        [
            "              precision    recall  f1-score   support\n\n       covid       0.96      0.94      0.95       159\n   not covid       0.94      0.96      0.95       171\n\n    accuracy                           0.95       330\n   macro avg       0.95      0.95      0.95       330\nweighted avg       0.95      0.95      0.95       330\n",
            "1",
            "Test"
        ],
        [
            "              precision    recall  f1-score   support\n\n       covid       0.96      0.89      0.93       139\n   not covid       0.90      0.96      0.93       136\n\n    accuracy                           0.93       275\n   macro avg       0.93      0.93      0.93       275\nweighted avg       0.93      0.93      0.93       275\n",
            "1",
            "Validation"
        ]
    ],
    "counfusionMatrix": [
        [
            [
                [
                    363,
                    3
                ],
                [
                    1,
                    408
                ]
            ],
            "1",
            "Train"
        ],
        [
            [
                [
                    149,
                    10
                ],
                [
                    6,
                    165
                ]
            ],
            "1",
            "Test"
        ],
        [
            [
                [
                    124,
                    15
                ],
                [
                    5,
                    131
                ]
            ],
            "1",
            "Validation"
        ]
    ],
    "aucScores": [
        [
            0.9946791454567318,
            "1",
            "Train"
        ],
        [
            0.951009599470374,
            "1",
            "Test"
        ],
        [
            0.9276608125264495,
            "1",
            "Validation"
        ]
    ],
    "accuricies": [
        [
            0.9515151518763918,
            "1",
            "Train"
        ],
        [
            0.9515151518763918,
            "1",
            "Test"
        ],
        [
            0.9515151518763918,
            "1",
            "Validation"
        ]
    ],
    "errors": [
        [
            0.23340647288344124,
            "1",
            "Train"
        ],
        [
            0.23340647288344124,
            "1",
            "Test"
        ],
        [
            0.23340647288344124,
            "1",
            "Validation"
        ]
    ]
}